Name,DOB,Email,Phone,Gender,Country
Priya,1988/06/14,priya549@yahoo.com,9958197940,Male,usa
Vikram,03/03/1981,vikram479@mail.com,9709407504,Female,USA
Vikram,1985/11/12,vikram373@mail.com,9392320308,Male,India
Raj,08-01-1992,raj963@yahoo.com,9306707488,male,usa
Meera,09-12-1990,meera652@gmail.com,9918837710,F,usa
Anu,1982/12/04,anu229@gmail.com,9409663141,Male,UK
Niki,19/04/1995,niki82@mail.com,9846527197,Female,USA
Rohit,1982/01/12,rohit692@yahoo.com,9828516855,female,usa
Karan,,karan273@gmail.com,9112226906,Male,USA
Anu,,anu573@yahoo.com,9878254290,F,India
Niki,1998/12/04,niki324@gmail.com,9787239763,F,usa
Raj,,raj143@yahoo.com,9260621628,female,India
Meera,,meera803@yahoo.com,9108737784,M,USA
Vikram,1996/11/01,vikram102@gmail.com,9414267754,F,india
Karan,20/07/1998,Karanmail.com,9640532404,male,UK
Divya,22-03-1988,divya767@yahoo.com,9556004856,M,usa
Raj,02-02-2005,raj721@mail.com,9251797142,Female,USA
Niki,1993/11/27,niki632@mail.com,9229025367,M,USA
Meera,07-03-1999,meera277@mail.com,9095758826,M,USA
Niki,08/09/1981,Nikimail.com,9058479833,female,UK
Karan,1984/11/26,karan181@yahoo.com,9773330772,female,UK
Priya,15/02/1986,priya75@gmail.com,9707878972,female,UK
Meera,01-10-1987,meera150@gmail.com,9417744296,F,USA
Priya,02/09/2004,priya79@yahoo.com,9672141903,F,india
Divya,12-11-1995,divya988@mail.com,9149327982,female,india
Vikram,31/03/1981,vikram293@yahoo.com,9113980719,M,USA
Arun,03/02/1986,arun966@gmail.com,9797662333,female,India
Priya,1988/11/30,priya860@mail.com,invalid_phone,Male,USA
Priya,20-08-1993,priya246@yahoo.com,9481579435,M,india
Arun,1982/12/09,arun783@gmail.com,9628705828,Male,India
Divya,13-01-1991,Divyamail.com,9275954235,Female,UK
Arun,1993/04/06,arun111@gmail.com,9146848498,female,india
Vikram,1980/10/22,vikram440@gmail.com,9657138760,Male,usa
Meera,21/06/1982,meera853@mail.com,9470824497,F,India
Rohit,1981/09/24,rohit932@mail.com,9166184865,male,UK
Raj,02/12/2001,raj247@gmail.com,9707115475,M,india
Vikram,06-03-2003,vikram408@gmail.com,9092639482,Female,USA
Karan,1998/12/16,karan434@yahoo.com,9038357706,M,india
Vikram,1999/06/19,vikram910@gmail.com,9048931086,Female,USA
Niki,2005/11/07,niki265@yahoo.com,9913775297,F,India
Vikram,1984/12/06,vikram107@mail.com,9255385326,male,India
Raj,2000/02/20,raj553@mail.com,9933489538,male,India
Rohit,18/09/1981,rohit228@yahoo.com,9945963704,male,usa
Priya,11-09-1983,priya120@yahoo.com,9041270712,M,UK
Meera,21-09-1997,meera197@mail.com,invalid_phone,Male,UK
Karan,16-11-2005,karan686@yahoo.com,9604623579,female,india
Karan,02/07/1988,karan378@gmail.com,9858105548,Male,usa
Karan,2002/01/16,karan76@gmail.com,9015592039,Female,usa
Arun,19-02-1989,arun809@gmail.com,9779156000,male,usa
Divya,12-11-2000,divya760@gmail.com,9275971913,Female,USA
Arun,28-01-1983,arun518@mail.com,9053055799,M,usa
Vikram,1988/04/01,vikram466@gmail.com,9414340632,F,UK
Niki,01-11-1994,niki131@yahoo.com,9497232140,Male,USA
Karan,12/09/1991,karan363@gmail.com,9771394955,Male,usa
Karan,14-04-1998,karan388@gmail.com,9889179431,M,UK
Karan,,karan100@mail.com,invalid_phone,female,UK
Meera,1996/10/11,meera557@gmail.com,9181744567,male,usa
Niki,2005/05/10,Nikimail.com,9483835378,F,India
Divya,27/01/1989,divya931@mail.com,9749652012,M,usa
Anu,31/02/2003,Anumail.com,9680737609,F,india
Meera,15-11-1999,meera15@mail.com,9322266257,female,usa
Rohit,26-02-1990,rohit155@yahoo.com,9192613574,F,india
Meera,20/09/1988,meera949@gmail.com,9045541079,F,india
Anu,23/08/2004,anu736@yahoo.com,9483223017,male,UK
Vikram,1991/12/14,vikram209@mail.com,9499376151,Female,UK
Rohit,28/06/1981,Rohitmail.com,9726482635,male,USA
Niki,05-10-1982,niki270@gmail.com,9430734947,F,usa
Meera,14-08-2002,meera764@yahoo.com,9680280048,Male,USA
Arun,31/02/2003,arun937@mail.com,9224827739,female,USA
Arun,10/08/1989,arun426@yahoo.com,9919873585,male,India
Arun,06-11-1980,arun214@yahoo.com,9482843647,F,USA
Karan,1991/05/29,karan136@yahoo.com,9679653718,female,UK
Rohit,1989/09/22,rohit684@gmail.com,9538832627,M,USA
Priya,02-01-1996,priya398@mail.com,9975756939,M,india
Rohit,03-07-1998,rohit713@mail.com,9342907400,M,usa
Vikram,09-09-1987,vikram11@yahoo.com,9919829814,female,india
Arun,,arun982@gmail.com,9942137341,Female,india
Raj,2003/03/28,raj798@gmail.com,9500080073,female,india
Karan,18-11-1985,Karanmail.com,9257915845,male,india
Karan,01-03-2003,karan67@gmail.com,9769231702,Male,usa
Raj,11-05-1990,raj672@yahoo.com,9026234676,Female,UK
Niki,31/02/2003,niki734@gmail.com,9013809654,Male,usa
Rohit,1992/05/09,rohit597@mail.com,9483491566,M,india
Divya,17-11-1988,divya289@mail.com,9437191512,male,usa
Arun,15/05/1981,arun894@gmail.com,invalid_phone,Female,usa
Priya,1999/04/07,priya692@mail.com,9231763835,male,India
Raj,01-02-1994,raj162@yahoo.com,9361069898,Female,India
Raj,1980/03/30,raj537@gmail.com,9891638798,male,UK
Meera,1983/06/08,meera30@mail.com,9270142332,male,India
Rohit,08-10-1999,rohit311@gmail.com,9858198789,M,USA
Vikram,31/02/2003,vikram600@gmail.com,9805882758,female,usa
Priya,1991/10/16,priya352@yahoo.com,9249399217,M,India
Niki,,niki743@yahoo.com,9523008443,M,India
Divya,22-06-1983,divya599@gmail.com,9466498741,Male,UK
Raj,19-04-1984,raj498@gmail.com,9376051537,Male,india
Meera,10-06-1992,meera875@mail.com,9997240595,Female,UK
Rohit,31/02/2003,Rohitmail.com,9210931559,M,india
Vikram,,vikram507@yahoo.com,9959979067,Male,India
Anu,06-05-1995,anu710@gmail.com,9208340696,F,india
Karan,1996/12/16,karan419@mail.com,9310002180,female,usa
Priya,2002/12/07,priya548@gmail.com,invalid_phone,female,usa
Meera,06/05/1990,meera844@mail.com,9751246078,Female,USA
Priya,11/05/2000,priya240@gmail.com,9469239253,F,USA
Anu,,anu923@yahoo.com,9279490094,Female,india
Niki,30-03-1991,Nikimail.com,9558825580,Male,UK
Divya,04/02/2001,divya248@gmail.com,9193250052,Female,usa
Priya,16/01/1986,priya780@mail.com,9893305034,M,India
Priya,,priya919@yahoo.com,9985487312,M,india
Vikram,31/02/2003,vikram813@mail.com,9553696380,M,India
Vikram,07-05-1986,vikram268@gmail.com,9791270721,F,USA
Priya,25-06-1996,priya774@yahoo.com,9010209208,F,UK
Rohit,15-06-1990,rohit903@gmail.com,9988925415,female,usa
Karan,31/02/2003,karan317@yahoo.com,9966351311,Male,India
Arun,02-11-2005,arun242@mail.com,9268782545,M,USA
Karan,1989/03/14,karan585@mail.com,9962477170,F,india
Rohit,05-04-1994,rohit161@mail.com,9911683074,female,India
Karan,24/05/1996,Karanmail.com,invalid_phone,Female,usa
Meera,1986/09/27,meera513@yahoo.com,9926572361,Male,India
Niki,1992/10/28,Nikimail.com,9136982018,Female,UK
Karan,06-09-2004,karan752@yahoo.com,9962445284,Male,india
Divya,22-12-1994,divya107@mail.com,9191807889,Male,india
Karan,1983/07/17,karan591@yahoo.com,9773721646,M,India
Vikram,13-01-1986,vikram877@mail.com,9738943014,male,usa
Priya,12-04-1984,Priyamail.com,9182905334,female,UK
Priya,,priya588@gmail.com,9653628274,Male,UK
Anu,08/05/1998,anu672@gmail.com,invalid_phone,Male,india
Niki,18-07-1980,niki962@gmail.com,9768524539,Female,india
Niki,21-08-1993,Nikimail.com,9868094687,female,india
Vikram,2005/07/23,vikram331@yahoo.com,9743103591,Female,USA
Meera,2000/10/16,Meeramail.com,9012337453,Male,India
Divya,15/06/1997,divya606@mail.com,9379476307,M,India
Vikram,1991/11/20,vikram356@yahoo.com,invalid_phone,Female,USA
Anu,26-10-1990,anu894@mail.com,9383130602,female,india
Divya,29/02/1988,divya363@yahoo.com,9660532808,F,USA
Priya,14/09/1982,priya192@yahoo.com,9641035247,F,USA
Meera,06-05-1981,meera783@gmail.com,9480123148,female,india
Rohit,15-02-1993,rohit653@mail.com,9010261616,M,USA
Arun,10/06/1982,arun613@yahoo.com,9617294463,F,UK
Divya,19/09/1986,divya228@yahoo.com,9116423918,F,usa
Anu,1994/07/26,anu557@yahoo.com,9612290126,M,usa
Divya,1983/11/19,divya980@gmail.com,9414763637,male,USA
Rohit,1991/05/13,rohit520@gmail.com,9597022282,M,usa
Rohit,1988/02/14,rohit479@gmail.com,9778766845,Female,India
Anu,16/01/2000,Anumail.com,9196716393,F,UK
Karan,2003/03/11,karan385@gmail.com,9120317250,female,USA
Priya,22/07/1991,priya388@gmail.com,9081118803,female,India
Arun,,arun306@gmail.com,9973762279,male,USA
Arun,08-08-1996,arun369@yahoo.com,9366514270,F,India
Meera,26-09-1987,meera375@mail.com,9915855799,Female,India
Raj,1986/02/08,raj75@gmail.com,9148264080,Female,usa
Priya,2001/09/26,priya831@mail.com,9338986536,female,india
Priya,08/01/1987,priya577@gmail.com,9619330753,female,india
Vikram,22-09-2001,vikram80@gmail.com,9092461994,male,UK
Meera,2003/03/02,meera869@mail.com,9571105048,Female,india
Niki,05-11-2001,niki881@gmail.com,9341879946,female,USA
Rohit,1999/11/19,rohit407@yahoo.com,9792504472,female,usa
Anu,24-05-1987,anu424@yahoo.com,9471735110,M,India
Raj,06-02-2005,Rajmail.com,9545894336,F,India
Niki,14/03/1989,Nikimail.com,invalid_phone,male,USA
Arun,07-05-1994,arun589@yahoo.com,9868769190,male,usa
Divya,,divya80@mail.com,9654607241,male,USA
Arun,22-06-2001,arun88@gmail.com,9209319013,Female,india
Arun,01-08-1996,arun644@yahoo.com,9441863932,Female,India
Niki,08/02/1986,niki428@mail.com,9431137916,F,India
Divya,26-11-1983,divya828@yahoo.com,9163909350,Male,UK
Meera,13/01/1981,meera184@mail.com,9248221607,Female,usa
Arun,25-05-1981,arun922@gmail.com,9312733531,female,India
Priya,1984/11/01,priya104@yahoo.com,invalid_phone,female,india
Anu,30-08-2002,anu38@mail.com,9429496950,M,UK
Rohit,1985/12/29,rohit916@yahoo.com,9527726215,M,UK
Karan,1984/03/25,karan15@mail.com,9607446033,female,USA
Niki,1992/05/31,Nikimail.com,9656313423,female,india
Arun,1999/11/01,arun130@mail.com,9710726848,Female,USA
Divya,11/07/2005,Divyamail.com,9714361249,Female,usa
Anu,14-07-1992,anu610@yahoo.com,9981820239,M,india
Priya,20/03/1981,priya353@gmail.com,9303516585,male,india
Karan,20/08/2000,karan938@gmail.com,9624782854,M,UK
Arun,25-05-1995,arun896@yahoo.com,9407193290,M,usa
Vikram,02-12-1987,Vikrammail.com,9159410847,male,usa
Arun,21-02-2001,arun799@gmail.com,9267285478,F,usa
Meera,13/06/1999,meera244@mail.com,9602571673,male,usa
Meera,31/02/2003,meera139@mail.com,9057604253,Male,India
Karan,20-09-1996,Karanmail.com,9280877227,M,India
Rohit,31/02/2003,rohit699@gmail.com,9373104849,male,india
Raj,12-05-1983,raj273@yahoo.com,9294090157,female,india
Niki,22-07-1986,niki531@gmail.com,9019653203,Male,USA
Karan,22/03/1994,karan161@yahoo.com,9690985276,M,india
Arun,10/04/1992,arun808@yahoo.com,9896494736,M,USA
Meera,04-02-1984,meera683@yahoo.com,invalid_phone,F,usa
Niki,1981/04/22,niki736@mail.com,9544338185,F,usa
Meera,1992/10/11,meera130@gmail.com,9622692334,female,usa
Priya,1998/11/18,priya642@gmail.com,9583708810,Female,india
Priya,1999/02/28,priya81@mail.com,9243819236,Female,india
Rohit,12/02/2002,rohit320@gmail.com,9989409939,M,UK
Divya,04/10/1983,divya499@mail.com,9471819762,Female,USA
Arun,03/02/2003,arun502@yahoo.com,9657419875,F,UK
Arun,1988/10/29,arun609@gmail.com,9405286291,F,india
Vikram,02/11/2000,vikram434@mail.com,9533484913,M,India
Karan,1989/06/17,Karanmail.com,invalid_phone,Female,USA
Vikram,10/06/2004,vikram712@gmail.com,9854870357,Male,india
Divya,1998/10/02,divya895@yahoo.com,9330407543,F,UK
Vikram,2003/08/02,vikram622@mail.com,9801005142,Male,india
Rohit,11/10/1992,rohit469@mail.com,9053151199,male,india
Divya,21/12/1982,Divyamail.com,9279625535,Female,usa
Niki,1983/02/02,niki222@yahoo.com,9345029675,female,India
Vikram,01-07-1983,vikram824@mail.com,invalid_phone,Female,India
Anu,1981/10/01,anu473@yahoo.com,9224043546,F,USA
Niki,11-10-1988,niki965@mail.com,9463464073,M,India
Niki,27/06/1993,niki465@yahoo.com,9756902500,F,USA
Divya,22-10-2001,Divyamail.com,9266137950,M,India
Anu,31/12/1988,anu931@yahoo.com,9649491853,F,India
Anu,31/02/2003,anu281@gmail.com,9320553604,Female,USA
Niki,12/01/1982,niki395@mail.com,invalid_phone,Male,USA
Arun,05-09-1980,arun870@yahoo.com,9176595630,female,UK
Karan,23/08/2005,karan447@mail.com,9518580955,female,UK
Rohit,04-12-1992,rohit67@gmail.com,9035568255,female,USA
Karan,29/01/2003,karan429@mail.com,9872111764,male,UK
Anu,19-10-1984,anu20@yahoo.com,9874354785,M,usa
Priya,1982/11/02,priya82@gmail.com,invalid_phone,male,UK
Vikram,1993/03/23,vikram269@yahoo.com,9855083990,F,USA
Anu,1980/01/16,anu526@mail.com,9614770021,F,India
Vikram,17/09/1994,vikram12@gmail.com,9231730550,Male,USA
Raj,10-12-1981,raj455@gmail.com,9421291220,M,India
Meera,31/02/2003,meera734@gmail.com,9441588296,male,UK
Vikram,25-01-2001,vikram697@gmail.com,9676470940,F,UK
Arun,,arun39@gmail.com,9257469584,male,India
Niki,11-10-2000,niki47@yahoo.com,invalid_phone,Male,UK
Karan,31/02/2003,Karanmail.com,9100731289,Male,india
Divya,1984/10/04,divya869@mail.com,9945217246,F,India
Vikram,22-12-1998,vikram723@mail.com,9697042288,Male,USA
Meera,23/12/1984,Meeramail.com,9394474186,Male,UK
Divya,2000/08/18,divya566@yahoo.com,9443481728,Male,usa
Anu,1998/04/17,anu900@yahoo.com,9044633054,Male,usa
Priya,19/07/1987,priya401@gmail.com,9740089204,M,UK
Priya,09/06/1997,priya599@gmail.com,9017531934,Male,india
Anu,04/06/1992,Anumail.com,invalid_phone,M,UK
Karan,10/07/1996,karan172@yahoo.com,invalid_phone,M,USA
Divya,06-05-2004,divya338@mail.com,9417909516,Female,USA
Meera,2001/04/15,meera635@mail.com,9204354714,F,USA
Niki,15/08/1985,niki190@yahoo.com,9147631765,Male,India
Raj,,raj564@mail.com,9525235550,F,India
Priya,28-01-1996,priya37@gmail.com,9338024463,M,UK
Priya,,priya373@yahoo.com,9788515530,female,india
Niki,1982/06/12,niki835@yahoo.com,9496916322,M,UK
Niki,21-11-1980,niki174@mail.com,invalid_phone,Male,India
Anu,2005/10/25,Anumail.com,invalid_phone,Male,India
Meera,18/03/2002,meera175@mail.com,9595472196,male,india
Rohit,26/10/1993,Rohitmail.com,9299721832,M,India
Niki,26/12/2005,niki337@yahoo.com,9142894968,F,india
Priya,23/01/1994,priya547@mail.com,9456064291,Male,UK
Vikram,09-08-1990,Vikrammail.com,9099162828,Female,USA
Priya,17/11/2002,priya691@mail.com,9791388206,male,UK
Meera,1990/05/19,meera806@mail.com,9400133158,Male,USA
Raj,31/02/2003,raj47@gmail.com,invalid_phone,Female,india
Karan,1985/09/01,Karanmail.com,9036544819,Female,usa
Meera,05-12-1993,meera492@gmail.com,9115927943,Female,usa
Rohit,1987/11/18,rohit62@yahoo.com,invalid_phone,Male,USA
Anu,1981/02/02,Anumail.com,9031297990,male,usa
Anu,31/02/2003,anu303@mail.com,9816549484,Male,UK
Priya,07-05-1987,priya269@mail.com,9124572870,F,UK
Meera,30/05/2002,meera44@yahoo.com,9515404290,male,india
Niki,19-11-1996,niki89@mail.com,invalid_phone,Male,usa
Rohit,2000/12/14,Rohitmail.com,9581079582,female,India
Anu,10-06-1989,anu771@gmail.com,9263103443,F,usa
Karan,01/06/1999,karan773@yahoo.com,9068979469,male,UK
Niki,15-05-1983,niki39@yahoo.com,9395377867,female,India
Meera,1988/10/31,meera244@gmail.com,9296940141,F,USA
Arun,11-11-2001,arun421@gmail.com,9321851890,F,UK
Priya,31/02/2003,priya178@gmail.com,9761103535,F,usa
Niki,03/11/1990,niki19@gmail.com,9414193096,F,USA
Divya,1991/02/19,divya431@yahoo.com,invalid_phone,male,India
Rohit,14-06-1989,rohit91@mail.com,9538800683,female,USA
Niki,31/02/2003,Nikimail.com,9416258700,female,india
Vikram,15-08-1989,vikram116@mail.com,9647469272,F,USA
Arun,11-07-1985,Arunmail.com,9681212122,female,India
Vikram,30/03/1980,vikram612@gmail.com,9582518643,M,usa
Raj,,raj307@gmail.com,9794029973,male,USA
Karan,31/02/2003,karan225@yahoo.com,9385305343,female,usa
Priya,29/08/1980,priya484@yahoo.com,9857608074,Female,india
Raj,1998/07/16,raj674@yahoo.com,9706480386,male,USA
Arun,1982/05/02,arun558@gmail.com,9324085197,Female,UK
Rohit,27-03-1989,rohit487@gmail.com,9839019234,Male,india
Divya,10-02-1993,divya3@gmail.com,9089937498,F,USA
Vikram,26-10-1993,vikram714@yahoo.com,9613493436,F,india
Rohit,11/05/1998,rohit767@gmail.com,invalid_phone,male,usa
Niki,05/02/1984,niki242@mail.com,9687177289,Female,usa
Vikram,1987/09/24,vikram981@gmail.com,9656188801,female,usa
Priya,1993/03/14,priya367@gmail.com,9088774598,female,UK
Raj,05/06/1994,raj605@yahoo.com,9743076913,Female,india
Karan,22/12/1994,karan456@mail.com,9666165120,male,UK
Priya,07-07-1991,priya406@mail.com,invalid_phone,Female,usa
Vikram,14-11-1982,vikram74@gmail.com,9843172470,Female,USA
Rohit,1995/01/23,rohit992@mail.com,9329207266,M,usa
Anu,02/05/2001,anu420@gmail.com,9452545016,female,India
Vikram,1981/07/19,vikram716@yahoo.com,9419377484,M,USA
Rohit,30-10-1984,rohit412@mail.com,9394565799,Male,USA
Meera,07-11-1993,meera176@yahoo.com,9742675719,Male,usa
Anu,09/01/2002,anu773@mail.com,9833663685,Male,india
Niki,04/12/1999,niki372@gmail.com,9365912905,male,india
Meera,27/10/1982,meera528@yahoo.com,9486026842,female,usa
Anu,13-08-1992,anu340@yahoo.com,9894500682,female,USA
Niki,04/07/1987,niki644@mail.com,9240094299,Female,india
Vikram,1987/03/26,vikram134@mail.com,9478573469,Female,india
Arun,1980/09/13,arun650@yahoo.com,9760469324,Female,india
Karan,17-03-1985,karan395@gmail.com,9541474099,M,India
Vikram,21-12-1985,vikram477@yahoo.com,9746560926,M,UK
Anu,15/12/1995,anu722@gmail.com,9147340189,male,USA
Rohit,30-07-1996,rohit995@yahoo.com,9312354483,M,india
Karan,,karan552@gmail.com,9123751710,male,usa
Divya,2003/12/01,divya462@mail.com,9006199426,F,India
Priya,28-10-1997,priya545@mail.com,9160514096,Male,UK
Karan,13/11/1982,karan548@mail.com,invalid_phone,F,India
Vikram,1994/01/30,vikram312@mail.com,invalid_phone,F,usa
Meera,31/02/2003,meera927@gmail.com,9807568017,male,india
Rohit,07-12-1999,rohit398@yahoo.com,9149330520,Female,UK
Vikram,19-09-1997,Vikrammail.com,9870785570,Male,india
Anu,1999/07/05,anu723@gmail.com,9623757202,Male,India
Niki,20/10/2004,niki874@yahoo.com,9445611673,M,USA
Anu,20-05-2002,anu441@mail.com,invalid_phone,male,india
Rohit,1995/09/30,rohit746@yahoo.com,9645669042,Male,UK
Divya,12/12/1989,Divyamail.com,9854545557,Male,UK
Niki,1993/07/05,Nikimail.com,9144297924,Female,usa
Meera,21-04-1986,Meeramail.com,9287288264,Male,UK
Rohit,31/02/2003,rohit302@gmail.com,9444266376,female,usa
Divya,26-07-1985,Divyamail.com,9681597201,F,india
Raj,27-04-1999,raj162@gmail.com,9072358086,female,india
Raj,04-09-1995,raj463@mail.com,9848872102,Male,india
Arun,1980/08/02,arun5@mail.com,9934855811,female,india
Rohit,31/02/2003,rohit697@yahoo.com,9920921491,female,UK
Niki,16-05-1996,niki89@yahoo.com,9329620093,M,UK
Meera,23/12/1980,meera136@yahoo.com,9421310139,F,usa
Anu,24/11/1985,anu740@yahoo.com,9004659755,F,usa
Divya,13-11-1998,divya430@yahoo.com,9722080911,male,USA
Priya,2000/12/03,priya303@yahoo.com,9170121150,F,usa
Rohit,,rohit384@gmail.com,9798394558,male,usa
Rohit,07/04/1992,Rohitmail.com,9972384235,Female,india
Vikram,2001/06/19,Vikrammail.com,9581660349,F,india
Meera,11-04-1981,meera313@mail.com,9733551901,Female,india
Anu,,anu568@mail.com,9910138334,F,usa
Anu,2003/11/14,anu277@gmail.com,9990740318,M,India
Niki,01/07/1990,niki309@gmail.com,invalid_phone,female,usa
Anu,15-03-1986,anu228@mail.com,9968760748,male,usa
Karan,15-11-1993,karan460@yahoo.com,9147552284,male,USA
Raj,31/02/2003,raj241@gmail.com,9853218696,female,india
Niki,15/06/2002,Nikimail.com,9214796249,male,USA
Arun,25-05-1983,arun540@gmail.com,9382245312,Female,usa
Anu,04-05-1983,anu854@yahoo.com,9454117943,M,usa
Divya,05/12/1980,divya140@gmail.com,9097453508,Female,usa
Raj,30/10/2004,raj349@gmail.com,9710179573,female,india
Divya,1989/04/09,divya869@gmail.com,9168151444,M,USA
Karan,29/09/1988,karan366@gmail.com,9211017422,Male,usa
Raj,19-05-1988,raj131@yahoo.com,9823976063,Female,usa
Arun,1997/10/11,arun939@gmail.com,9695186512,Female,UK
Meera,1985/03/15,meera53@yahoo.com,9992432740,Male,india
Divya,04-02-1999,divya555@yahoo.com,9882262270,Male,UK
Rohit,31/02/2003,Rohitmail.com,9586006649,Male,USA
Vikram,,vikram533@yahoo.com,9576968223,male,usa
Raj,04/06/1998,raj137@yahoo.com,invalid_phone,Male,USA
Raj,14/04/1981,raj15@mail.com,9141835192,Female,USA
Rohit,,rohit784@gmail.com,9585127100,Female,india
Vikram,1997/03/06,vikram27@yahoo.com,9450337182,female,India
Arun,24-12-1989,Arunmail.com,invalid_phone,F,UK
Rohit,09/02/1997,rohit101@mail.com,9807923948,Female,india
Raj,1988/12/16,raj536@yahoo.com,9197566921,female,UK
Arun,1991/12/06,arun26@gmail.com,9007973050,F,UK
Karan,25-04-1992,karan96@yahoo.com,invalid_phone,Male,USA
Anu,1992/03/26,anu763@gmail.com,9979626246,Male,UK
Karan,01-02-2004,karan353@gmail.com,9968033068,Female,usa
Priya,15/12/1999,Priyamail.com,9088401845,female,india
Anu,1998/12/29,anu946@mail.com,9121949199,Male,India
Niki,1999/05/15,niki600@yahoo.com,9869482091,M,USA
Vikram,28-06-2003,vikram794@mail.com,9938729485,M,USA
Niki,06/10/2005,niki657@yahoo.com,9178093932,female,india
Niki,28-11-1993,niki625@mail.com,9584532899,M,India
Niki,1984/01/23,niki440@mail.com,invalid_phone,Male,India
Karan,17-01-2000,karan817@yahoo.com,9959742998,Male,UK
Rohit,2002/12/27,Rohitmail.com,9787297839,Male,usa
Karan,23-08-1981,karan337@yahoo.com,9720431349,female,usa
Arun,02/04/1983,arun853@gmail.com,9106447171,F,UK
Priya,2000/11/20,priya866@mail.com,9329642784,F,UK
Niki,01-11-1985,niki300@mail.com,9990693908,Male,India
Priya,30-07-2002,priya289@mail.com,9913763393,female,india
Priya,27/12/1985,Priyamail.com,9650104154,Female,usa
Anu,,anu195@yahoo.com,9521841645,male,USA
Meera,12-02-1987,meera545@mail.com,9225923362,M,usa
Niki,08/02/1984,Nikimail.com,9424368965,female,USA
Meera,31/02/2003,meera36@mail.com,9858561769,Male,india
Niki,17/12/1984,niki829@yahoo.com,9123322101,female,India
Vikram,1999/05/21,vikram651@yahoo.com,9562509437,female,UK
Arun,20/03/1992,arun984@mail.com,9429467404,female,india
Divya,16/08/1997,divya731@mail.com,9176763612,M,UK
Anu,16-12-1987,anu623@mail.com,invalid_phone,F,india
Rohit,1987/01/10,rohit849@mail.com,9803405726,F,UK
Priya,2003/05/10,Priyamail.com,9692886864,F,India
Meera,11-12-1987,meera211@yahoo.com,invalid_phone,male,usa
Vikram,1985/06/03,Vikrammail.com,9023657409,Male,India
Vikram,02/09/1993,vikram955@yahoo.com,9342400977,F,USA
Anu,06-06-1995,anu9@gmail.com,9311162568,Female,india
Vikram,16/05/1996,vikram393@yahoo.com,9027394669,M,india
Priya,1981/12/13,priya577@gmail.com,9090328847,Female,usa
Rohit,12-03-2005,rohit166@yahoo.com,9832746507,Female,USA
Karan,15-10-2002,karan673@gmail.com,9349972919,M,UK
Rohit,1990/01/23,rohit267@gmail.com,9137574045,M,india
Anu,31/02/2003,anu222@gmail.com,invalid_phone,M,usa
Rohit,28/06/1988,rohit455@yahoo.com,9366548200,Female,usa
Karan,1992/12/19,karan273@mail.com,9513189436,female,usa
Meera,1990/07/11,meera6@mail.com,9193539089,M,India
Priya,,priya756@gmail.com,9335953023,Female,India
Arun,1995/10/23,arun810@gmail.com,9289000965,female,India
Divya,,divya909@mail.com,invalid_phone,F,UK
Arun,01-07-2000,arun506@yahoo.com,9117495929,Female,usa
Raj,31/02/2003,raj204@gmail.com,9713343524,M,USA
Divya,1991/09/25,divya244@gmail.com,9833253907,male,usa
Divya,30/10/2001,divya784@gmail.com,9650635903,Male,usa
Niki,20-10-2001,niki408@gmail.com,9849583807,M,usa
Raj,04-10-1990,raj189@yahoo.com,9339960057,F,India
Karan,04-11-1999,karan100@yahoo.com,9474412513,Female,india
Niki,24-08-2001,niki925@gmail.com,9831977743,M,UK
Rohit,21/04/1990,rohit846@yahoo.com,9997672393,Female,USA
Karan,2000/09/03,karan791@yahoo.com,9091962717,Male,india
Meera,,Meeramail.com,9226037948,M,UK
Anu,1995/09/17,anu760@yahoo.com,9536176919,F,UK
Rohit,06/06/1984,rohit471@gmail.com,9316395016,M,UK
Raj,1998/12/07,raj126@gmail.com,9944410331,F,usa
Niki,24-05-1980,niki506@gmail.com,9130270188,male,india
Rohit,16/10/2005,rohit409@mail.com,9607468254,Male,india
Priya,2003/01/15,priya1@gmail.com,9125829000,male,usa
Karan,2002/05/19,karan543@gmail.com,9220536530,F,USA
Divya,25-08-2003,divya723@gmail.com,9225867917,female,USA
Meera,03/12/1997,meera431@yahoo.com,9862939569,female,UK
Raj,2001/03/06,raj392@yahoo.com,invalid_phone,male,India
Niki,10/01/1989,Nikimail.com,9717045904,female,India
Arun,07-05-1992,arun630@yahoo.com,9762258786,Female,India
Niki,28/02/1994,niki10@yahoo.com,9542595233,female,USA
Niki,01/06/2005,Nikimail.com,9573904708,Male,India
Anu,1996/05/23,anu384@yahoo.com,9126995671,male,usa
Vikram,31-05-1983,vikram609@yahoo.com,9577820969,female,USA
Arun,1999/03/28,arun443@mail.com,9076420158,F,UK
Rohit,08-09-1992,rohit27@gmail.com,9644146100,M,India
Karan,21/05/1982,karan323@gmail.com,9721911966,Female,india
Arun,1995/01/12,arun926@gmail.com,9859205738,male,USA
Vikram,2004/03/16,vikram44@yahoo.com,9796352000,male,usa
Niki,1998/01/19,niki800@gmail.com,9474398974,male,USA
Arun,08-07-1998,arun973@yahoo.com,9358549431,Male,India
Anu,18/08/1980,anu868@yahoo.com,9472859745,female,UK
Meera,10/10/2002,meera722@yahoo.com,9379749934,male,usa
Meera,1995/11/23,meera542@yahoo.com,9007192188,male,usa
Niki,2002/09/28,niki983@yahoo.com,9832386219,F,India
Raj,1984/05/21,raj749@mail.com,9059174117,F,usa
Vikram,,vikram259@gmail.com,9477215115,M,India
Meera,24-01-1999,Meeramail.com,9683982353,Female,india
Meera,21/06/1991,meera215@gmail.com,9355577646,Female,India
Rohit,1997/10/10,rohit111@yahoo.com,9412435081,F,USA
Rohit,30-12-1981,rohit960@yahoo.com,9499160266,Female,india
Rohit,27/09/1993,rohit104@gmail.com,9661084351,female,USA
Vikram,1980/04/15,vikram963@yahoo.com,9441929733,Male,India
Priya,07/06/1991,Priyamail.com,9834436863,Female,India
Niki,01-02-1990,niki303@gmail.com,9996980359,male,india
Vikram,23-11-1999,vikram633@yahoo.com,invalid_phone,female,UK
Raj,1993/06/25,Rajmail.com,9874794316,Male,UK
Divya,20/05/1996,divya478@gmail.com,9531974641,Male,UK
Priya,08-07-2004,priya234@yahoo.com,9033578311,Female,India
Niki,19/12/1998,niki641@gmail.com,9495931722,male,UK
Meera,1992/09/23,Meeramail.com,invalid_phone,male,india
Raj,28/10/1980,raj495@gmail.com,9148639798,male,india
Priya,1996/03/03,priya759@yahoo.com,9828109463,female,USA
Vikram,1992/05/04,vikram695@gmail.com,9322651673,female,UK
Priya,2004/04/23,priya638@gmail.com,9135668354,female,usa
Raj,1998/10/29,raj656@mail.com,9161118707,F,india
Rohit,25-04-1984,Rohitmail.com,9509808303,Male,USA
Rohit,,rohit44@mail.com,9620486514,Female,UK
Rohit,2004/04/02,rohit579@gmail.com,9873262103,F,USA
Rohit,2000/06/20,rohit265@yahoo.com,9615491040,F,usa
Anu,31/02/2003,anu810@mail.com,9718003575,Male,India
Divya,2005/04/09,Divyamail.com,9706971496,M,UK
Niki,1981/08/17,niki157@yahoo.com,9152672182,F,USA
Anu,1997/03/29,anu915@yahoo.com,9140675486,M,india
Vikram,22-10-1995,vikram157@yahoo.com,9350610763,male,UK
Niki,08/07/1989,niki119@gmail.com,9471923622,M,USA
Arun,1999/12/16,Arunmail.com,9714815926,F,India
Anu,31-10-2005,anu323@yahoo.com,9195081558,Male,USA
Rohit,01/03/1998,rohit399@yahoo.com,9122190697,female,usa
Divya,1994/09/18,divya387@gmail.com,9633903885,female,usa
Meera,1988/04/19,meera994@gmail.com,9984444241,male,UK
Karan,11-05-1996,Karanmail.com,invalid_phone,F,usa
Raj,27/09/1989,raj650@gmail.com,9284409361,female,India
Meera,01-11-2005,meera579@gmail.com,9630395509,male,india
Arun,1994/07/21,arun263@gmail.com,9533083013,Female,india
Priya,22-03-1990,priya892@yahoo.com,9538456026,Female,UK
Arun,1990/02/03,Arunmail.com,9275886193,Male,UK
Raj,21/06/1992,raj384@gmail.com,9718807986,F,india
Vikram,08/03/1996,vikram475@yahoo.com,9896996008,M,USA
Priya,1997/12/10,priya17@yahoo.com,9824138890,male,india
Anu,1996/06/09,Anumail.com,9058196470,M,UK
Raj,1986/01/20,Rajmail.com,9414346206,Male,USA
Rohit,1990/12/08,Rohitmail.com,9122667006,female,UK
Raj,,raj910@mail.com,9249808522,F,India
Rohit,1992/10/08,rohit965@yahoo.com,9877268434,male,India
Meera,22/07/1996,meera588@gmail.com,9496473201,Male,UK
Niki,31/02/2003,niki862@mail.com,9854487019,Female,USA
Vikram,1996/10/14,vikram222@yahoo.com,9766883465,Female,UK
Raj,26-03-2004,raj672@gmail.com,9708955650,Male,USA
Raj,1999/12/12,raj226@yahoo.com,9078312667,F,india
Divya,10/02/1994,divya146@mail.com,9543522507,M,UK
Anu,10/11/1980,Anumail.com,9635387708,male,USA
Niki,2004/03/02,niki22@gmail.com,9176973815,male,USA
Vikram,03-11-1994,vikram896@gmail.com,9422469869,F,usa
Niki,16/02/1984,niki163@gmail.com,invalid_phone,male,USA
Meera,,Meeramail.com,9196552469,M,USA
Vikram,2005/07/20,vikram79@gmail.com,9428933422,male,UK
Divya,1985/12/27,divya146@mail.com,9858169982,female,UK
Arun,31/02/2003,arun109@mail.com,9816954081,Male,India
Vikram,2002/01/03,vikram773@mail.com,9154010855,female,UK
Priya,1996/10/16,priya771@yahoo.com,9071764310,female,usa
Arun,2004/06/17,arun507@mail.com,9060531658,Male,USA
Raj,23-04-1989,raj669@mail.com,9400033045,F,india
Anu,1984/05/14,anu817@mail.com,9681791862,F,india
Karan,31/02/2003,karan109@mail.com,9147991579,male,india
Anu,27-11-1982,anu36@yahoo.com,9760231297,Female,usa
Priya,1999/12/14,priya150@gmail.com,9705129736,Female,India
Niki,16/02/2005,niki765@yahoo.com,9185969138,female,usa
Meera,19/01/1997,meera427@mail.com,9107975823,Male,usa
Divya,09/10/1981,divya825@yahoo.com,9695490938,Female,usa
Niki,30/05/1985,niki20@mail.com,9506172624,Male,india
Raj,05-02-2003,raj969@yahoo.com,9643351146,M,india
Divya,02-10-1990,divya119@mail.com,9843531091,F,UK
Rohit,13/07/1984,rohit154@yahoo.com,9388360200,female,UK
Rohit,01-12-1985,rohit338@gmail.com,9346927810,male,UK
Raj,31/02/2003,raj426@yahoo.com,9850634092,male,india
Rohit,10-11-2001,rohit690@gmail.com,9802553958,female,usa
Arun,05/03/1990,arun938@yahoo.com,9494144307,Female,USA
Vikram,1982/08/04,Vikrammail.com,9675794539,Female,usa
Priya,31-05-1990,priya90@yahoo.com,9560831575,F,India
Vikram,,vikram837@gmail.com,9465535298,M,usa
Rohit,1981/02/10,rohit771@mail.com,9663859749,Male,India
Meera,26-01-1999,meera666@yahoo.com,invalid_phone,male,UK
Niki,04/09/1999,niki329@yahoo.com,9659862874,M,USA
Priya,15-12-1989,priya39@mail.com,9763956299,male,UK
Raj,04/11/2005,Rajmail.com,9628133417,F,USA
Divya,05/04/1996,divya375@yahoo.com,9433494265,M,UK
Rohit,03/05/2000,rohit458@yahoo.com,9110011118,Female,USA
Karan,14-04-2002,karan589@gmail.com,9060341965,Female,india
Priya,,priya846@yahoo.com,9204144850,F,India
Rohit,2003/03/15,rohit728@gmail.com,9828814606,Female,usa
Anu,17-09-1992,anu194@mail.com,9145774986,female,India
Arun,1984/07/16,arun148@mail.com,9398590462,Male,usa
Raj,1990/05/20,raj762@gmail.com,9867050116,M,UK
Rohit,26-02-1995,Rohitmail.com,9999887699,Male,USA
Meera,29-10-2005,meera71@mail.com,invalid_phone,Male,india
Niki,29/03/2003,niki839@yahoo.com,invalid_phone,female,UK
Rohit,14-01-1997,rohit271@mail.com,invalid_phone,M,usa
Divya,20/10/1989,divya554@gmail.com,9003043576,female,india
Priya,16-10-1985,priya526@mail.com,9600746876,M,usa
Anu,11-09-1984,anu900@yahoo.com,9129455223,F,india
Vikram,27/05/1989,vikram849@mail.com,invalid_phone,Female,India
Anu,08/05/1982,anu373@gmail.com,9275506307,female,india
Divya,18-11-2002,divya282@yahoo.com,9686712257,F,india
Vikram,25-11-1981,vikram188@gmail.com,invalid_phone,female,USA
Anu,27-11-1981,Anumail.com,invalid_phone,M,usa
Rohit,30/11/1992,rohit463@gmail.com,9276439790,male,UK
Divya,,divya200@yahoo.com,9524753658,F,India
Karan,1981/02/16,karan856@mail.com,9723822737,F,UK
Meera,,meera936@mail.com,9499637503,male,india
Anu,02-11-1995,anu815@yahoo.com,9437642731,female,usa
Niki,1993/09/26,niki463@mail.com,9554271685,M,USA
Karan,02/12/2004,karan736@gmail.com,9542371952,male,india
Arun,1987/01/08,arun632@mail.com,invalid_phone,Female,usa
Vikram,28-10-1984,vikram575@yahoo.com,9333632404,M,USA
Arun,2005/12/02,arun607@yahoo.com,9882142726,Female,UK
Vikram,01-09-1998,vikram278@yahoo.com,9866789798,female,India
Arun,07-11-1991,arun263@yahoo.com,9597246871,female,USA
Niki,16/04/1997,niki49@yahoo.com,invalid_phone,female,India
Rohit,28/06/2003,rohit345@mail.com,invalid_phone,female,india
Anu,19-01-1980,anu112@mail.com,9859139586,male,India
Priya,1991/10/19,priya702@gmail.com,9202469521,male,usa
Divya,1999/10/14,divya49@gmail.com,9525373334,Female,USA
Arun,2003/08/10,arun143@yahoo.com,9976847908,male,india
Vikram,08/06/1993,vikram715@mail.com,9318799686,M,UK
Arun,2003/11/22,arun619@yahoo.com,invalid_phone,Male,India
Meera,06-04-1995,meera528@mail.com,9166969212,Male,India
Anu,1992/09/06,anu4@mail.com,invalid_phone,male,India
Arun,11/10/1981,arun397@mail.com,9763176237,Female,usa
Rohit,02/02/1985,rohit463@gmail.com,9626912567,male,UK
Arun,2005/03/01,arun297@yahoo.com,9480909710,M,UK
Arun,06-07-1987,arun773@gmail.com,9526328917,Female,USA
Anu,06/09/2002,anu843@yahoo.com,9460426526,male,USA
Priya,10-03-1994,priya903@mail.com,9710729006,Female,India
Anu,29-10-1988,anu913@gmail.com,invalid_phone,Male,USA
Niki,07/02/1985,niki255@yahoo.com,9586455311,female,UK
Niki,17-01-1995,Nikimail.com,9308107955,Male,usa
Karan,1988/09/07,Karanmail.com,9090050445,male,usa
Niki,25/07/1996,niki837@gmail.com,9960841227,Female,USA
Anu,30-04-1995,anu28@mail.com,9862940798,Male,USA
Rohit,1989/08/14,rohit703@yahoo.com,9841951533,Female,india
Vikram,,vikram824@yahoo.com,9056275043,Male,USA
Rohit,1990/05/20,Rohitmail.com,9605589523,M,usa
Vikram,17-02-1990,vikram59@gmail.com,9838657478,M,usa
Arun,18-07-1987,arun200@mail.com,9436680503,F,USA
Karan,13/10/2001,karan208@yahoo.com,9110349799,F,USA
Anu,24/11/1982,anu698@yahoo.com,9514625562,male,USA
Karan,06/08/1987,karan433@gmail.com,9534973729,F,India
Raj,2003/08/03,raj391@mail.com,9737845249,Female,usa
Meera,2000/01/11,meera131@mail.com,9930915491,Female,UK
Karan,1993/08/24,karan149@yahoo.com,9605834504,female,USA
Vikram,29/04/1995,vikram792@gmail.com,9079684190,Male,usa
Rohit,09-01-1996,rohit150@gmail.com,9696481339,male,USA
Anu,,anu676@yahoo.com,9528928181,M,USA
Rohit,01/08/2005,rohit316@yahoo.com,9574512998,Female,india
Meera,1981/04/13,meera206@gmail.com,9492255484,Female,India
Arun,25-05-1984,arun513@gmail.com,9603586614,F,UK
Rohit,05/12/2005,rohit532@gmail.com,9750571031,female,usa
Divya,1997/08/20,divya359@yahoo.com,9648435361,Male,UK
Rohit,23-10-1997,rohit427@gmail.com,9493581752,Female,india
Priya,17/09/2001,priya2@gmail.com,9166228315,M,UK
Anu,21/01/1983,anu958@mail.com,9240403370,M,USA
Arun,03-01-1985,Arunmail.com,9201910463,Female,UK
Rohit,2000/05/14,rohit138@yahoo.com,9709994846,female,India
Priya,11-11-1988,priya974@mail.com,invalid_phone,Female,usa
Divya,28-02-1999,divya998@yahoo.com,invalid_phone,M,USA
Rohit,1983/10/12,rohit864@gmail.com,9512802504,Male,india
Vikram,27-09-1985,vikram347@mail.com,9703190592,male,UK
Meera,06-11-1980,meera849@mail.com,invalid_phone,Female,UK
Rohit,01-02-2004,rohit329@mail.com,9922840740,female,UK
Karan,1988/03/27,karan664@mail.com,invalid_phone,male,USA
Priya,22/05/1996,priya502@mail.com,invalid_phone,Female,USA
Arun,28-02-2002,arun45@mail.com,9445842565,F,USA
Divya,29/11/1993,divya200@mail.com,9420284374,Male,UK
Meera,1985/10/10,meera358@mail.com,9085429862,F,USA
Karan,16-10-2000,karan495@yahoo.com,9764969009,M,India
Karan,10/12/1993,karan50@yahoo.com,9497075287,female,india
Raj,1997/12/30,raj483@mail.com,9869644479,female,usa
Rohit,16/10/1987,rohit465@yahoo.com,9545234789,Male,India
Rohit,1986/04/11,Rohitmail.com,9347276242,Male,india
Karan,1989/12/14,karan977@gmail.com,invalid_phone,Female,usa
Raj,22/07/1996,raj155@yahoo.com,9669219245,Female,usa
Rohit,1995/11/01,rohit275@yahoo.com,9113809481,M,india
Karan,2005/04/08,karan44@mail.com,9292092768,male,India
Anu,1988/01/18,anu139@yahoo.com,9042625314,M,india
Priya,14-09-1992,priya123@mail.com,9405973338,male,India
Anu,1996/11/05,anu106@gmail.com,9934856439,F,UK
Karan,17-11-2003,karan707@gmail.com,9655778426,male,usa
Arun,1985/04/10,arun564@yahoo.com,9194833014,F,India
Divya,1984/09/26,Divyamail.com,9271735933,M,USA
Priya,25/02/1996,Priyamail.com,9868870016,male,usa
Karan,2002/08/28,karan930@mail.com,9651597201,Male,india
Karan,27-10-1992,karan500@mail.com,9761397879,male,india
Anu,1993/03/03,anu568@yahoo.com,9136659711,M,india
Karan,1997/07/03,Karanmail.com,9249162486,Female,india
Meera,1982/03/01,meera403@mail.com,9297930635,F,India
Karan,1984/09/08,karan857@yahoo.com,9542176835,female,UK
Meera,,meera198@gmail.com,9619885035,Female,UK
Raj,02/11/1992,raj420@gmail.com,9739915041,male,usa
Meera,06-05-1991,meera743@yahoo.com,9619040573,F,India
Arun,08/11/2002,arun939@mail.com,9420306162,F,usa
Raj,15-11-1992,raj651@gmail.com,9240384167,Female,USA
Divya,31/02/2003,divya862@mail.com,9214804182,F,india
Priya,12/09/1991,priya371@mail.com,9283216020,F,india
Anu,1992/04/12,anu852@mail.com,9451404237,M,usa
Arun,17-05-1998,arun577@gmail.com,9201169701,male,UK
Divya,,divya180@mail.com,9763360986,F,USA
Priya,1988/11/16,priya537@gmail.com,9579173071,female,india
Niki,1995/05/15,niki477@yahoo.com,9697254119,F,india
Niki,17-05-1989,niki529@mail.com,invalid_phone,female,india
Raj,1985/03/31,raj820@mail.com,9443161002,Female,UK
Rohit,31/02/2003,Rohitmail.com,9893487849,male,UK
Divya,17/08/1992,divya52@yahoo.com,9273060948,male,india
Arun,29-01-1994,arun829@yahoo.com,9225510083,male,usa
Karan,14-08-1982,karan145@mail.com,9400843137,male,usa
Arun,28-12-2000,arun790@gmail.com,9373662794,Male,India
Raj,23/10/2003,raj710@gmail.com,9245231366,female,india
Arun,11/01/1980,arun593@gmail.com,9435953796,F,india
Anu,1990/03/24,anu744@gmail.com,9490516525,male,India
Anu,31/02/2003,anu441@gmail.com,9264835619,female,usa
Rohit,16/11/1986,rohit31@yahoo.com,9710659173,F,india
Arun,2000/01/24,arun136@yahoo.com,9343006799,Female,india
Raj,31/10/1993,raj737@gmail.com,9854382428,female,India
Divya,1994/11/09,divya71@yahoo.com,9848640276,male,UK
Niki,11-02-1995,niki353@gmail.com,9469042147,Male,USA
Divya,03-01-1990,divya576@gmail.com,9074128903,Male,India
Priya,1996/02/02,priya841@yahoo.com,9847430428,male,UK
Karan,13-03-2005,karan693@yahoo.com,9411352659,Female,UK
Karan,1980/10/06,karan391@mail.com,9118895299,F,usa
Raj,1983/01/06,Rajmail.com,9864029037,Male,USA
Arun,08-10-2002,arun504@mail.com,9701768533,female,usa
Raj,21/12/2004,raj144@mail.com,invalid_phone,male,USA
Karan,1986/10/08,karan79@yahoo.com,9170953432,male,UK
Anu,06-05-1993,anu964@yahoo.com,9374905164,female,UK
Niki,25-04-1983,niki797@yahoo.com,9433791419,female,UK
Arun,25/09/2005,arun660@gmail.com,9091438222,Male,UK
Anu,2002/06/20,anu833@gmail.com,9234555999,Male,UK
Meera,05-06-1981,meera722@gmail.com,invalid_phone,female,UK
Arun,14-12-1986,arun480@mail.com,9815743614,male,UK
Divya,06-04-1994,Divyamail.com,9326009662,female,usa
Priya,28-06-2005,priya273@yahoo.com,9099836251,Female,India
Vikram,2000/09/21,vikram989@yahoo.com,9468045773,male,UK
Vikram,04-02-1981,vikram83@mail.com,9162310297,F,india
Divya,31/08/2004,divya155@mail.com,9321839139,M,USA
Priya,1998/11/20,priya480@mail.com,9640028950,female,india
Rohit,15/03/2000,rohit657@yahoo.com,9286318506,M,USA
Priya,1985/05/08,priya989@gmail.com,9049734394,Male,india
Rohit,28-01-1994,rohit867@yahoo.com,9672905973,F,India
Arun,31-01-1985,arun874@yahoo.com,9993136757,Male,usa
Divya,25/06/1995,divya656@gmail.com,9174931869,female,USA
Divya,1992/07/08,divya71@gmail.com,9949028980,Male,USA
Karan,09/04/1993,karan324@yahoo.com,9598808603,M,UK
Niki,17-09-2002,niki937@gmail.com,9155663111,Female,usa
Raj,03/11/1992,raj911@yahoo.com,9526603067,Female,India
Karan,17-02-1995,karan368@yahoo.com,9477625893,M,india
Priya,2002/06/13,priya730@gmail.com,9615537830,M,usa
Raj,12-08-1999,raj662@gmail.com,9528118764,female,UK
Niki,2003/12/18,niki881@gmail.com,invalid_phone,M,USA
Arun,23-12-1997,arun124@gmail.com,9213630356,female,USA
Niki,20-12-1981,Nikimail.com,9293588569,female,india
Niki,11/08/2004,niki298@mail.com,9044648722,Female,UK
Raj,10-04-1981,raj161@yahoo.com,invalid_phone,female,usa
Priya,14-12-1981,priya638@gmail.com,9039277867,female,India
Meera,2001/08/26,meera687@gmail.com,9516876978,male,usa
Priya,1987/03/06,priya996@mail.com,invalid_phone,male,USA
Arun,2003/09/25,arun969@mail.com,9372791519,male,USA
Divya,22-06-2002,Divyamail.com,9908522644,M,usa
Divya,17/01/1994,divya743@mail.com,9165354410,M,USA
Niki,11-11-1984,niki989@gmail.com,9066501319,F,india
Karan,03-04-1982,karan305@mail.com,9084321915,female,india
Niki,10/06/1998,niki815@yahoo.com,invalid_phone,male,usa
Vikram,26-12-2004,vikram709@mail.com,invalid_phone,M,India
Divya,22-01-1993,divya575@gmail.com,9520826009,male,India
Rohit,08/02/1994,rohit182@gmail.com,9791111474,F,USA
Karan,,karan142@yahoo.com,9998326410,female,UK
Vikram,19/12/1991,vikram111@gmail.com,9224103699,M,india
Anu,22-12-1994,Anumail.com,9102656953,male,USA
Niki,,niki111@yahoo.com,9508864900,F,india
Vikram,1994/01/23,vikram859@yahoo.com,9500766071,Male,usa
Priya,2002/01/04,priya535@mail.com,9887349070,Female,india
Priya,31/02/2003,priya887@gmail.com,9096807737,F,India
Priya,21/09/1996,priya117@mail.com,9441400364,Male,USA
Meera,12-02-2003,meera853@mail.com,9520162361,male,India
Anu,1984/02/23,Anumail.com,9273758533,F,usa
Rohit,1999/02/21,rohit202@gmail.com,9706561355,Male,usa
Meera,14/01/1988,meera797@mail.com,9179859957,Male,usa
Meera,31/02/2003,meera864@yahoo.com,invalid_phone,M,USA
Arun,12-10-1992,Arunmail.com,9204931610,F,India
Vikram,2002/03/07,vikram44@gmail.com,9997419487,F,india
Vikram,1992/11/11,vikram527@yahoo.com,9826983181,Male,USA
Meera,11/05/1985,meera312@mail.com,9792212050,male,USA
Priya,24/11/1996,priya817@mail.com,9135896783,Male,usa
Karan,26/06/2005,karan139@mail.com,9387188830,M,usa
Karan,09-09-1986,karan875@gmail.com,invalid_phone,M,india
Raj,1993/03/05,raj171@yahoo.com,invalid_phone,Female,India
Niki,04/08/1998,niki881@mail.com,9406946630,male,india
Arun,26/05/1985,arun368@yahoo.com,9704497019,M,India
Anu,30-12-1986,anu381@yahoo.com,invalid_phone,F,usa
Arun,31/02/2003,arun734@gmail.com,9160317749,female,india
Niki,14/06/1993,niki658@gmail.com,9408428783,Female,India
Arun,2005/02/03,arun209@gmail.com,9156598282,male,USA
Anu,,anu327@yahoo.com,9691691059,Female,india
Meera,1998/10/31,meera50@yahoo.com,9278737130,Female,UK
Rohit,10/04/1990,Rohitmail.com,9336521548,F,UK
Anu,,anu654@mail.com,9783092621,F,USA
Arun,1998/01/23,arun220@gmail.com,9206784561,female,India
Karan,2003/01/23,karan787@gmail.com,9838422304,M,UK
Arun,12/07/1985,arun504@yahoo.com,9906777981,M,India
Niki,25/08/2001,niki945@gmail.com,9473358054,female,UK
Rohit,1996/06/16,rohit304@gmail.com,9823055864,Female,india
Niki,04-04-1994,niki524@mail.com,9813793109,male,india
Raj,1994/09/24,raj169@yahoo.com,invalid_phone,M,usa
Meera,1998/11/05,meera945@yahoo.com,9986953557,male,UK
Arun,2003/08/17,arun305@gmail.com,9262353388,M,UK
Rohit,30-05-1988,rohit700@mail.com,9618387171,Male,usa
Priya,30-10-1998,priya194@mail.com,9381370593,male,india
Priya,1997/01/15,priya133@mail.com,invalid_phone,M,usa
Meera,,meera200@mail.com,9562480357,Male,USA
Meera,1998/08/11,meera538@yahoo.com,9163282980,male,UK
Priya,31/02/2003,priya942@yahoo.com,9709736784,Male,india
Vikram,10-08-1989,vikram289@yahoo.com,9266739869,Male,india
Rohit,1992/11/01,rohit73@gmail.com,9414777393,Male,India
Raj,01-01-1985,raj292@mail.com,9156056886,male,UK
Rohit,20/01/1993,rohit539@yahoo.com,9382762253,F,india
Anu,01-01-2004,anu346@yahoo.com,9113436397,female,india
Raj,17-04-1990,raj693@yahoo.com,9892860264,Female,usa
Karan,2005/06/03,Karanmail.com,9647765055,female,USA
Anu,2004/08/07,anu647@gmail.com,9695931598,Male,usa
Raj,08-02-2005,Rajmail.com,9989471092,M,usa
Anu,21-05-1986,anu719@mail.com,9163695008,F,India
Arun,27/01/1984,arun175@gmail.com,invalid_phone,M,usa
Meera,2001/08/30,meera197@yahoo.com,9198623272,male,usa
Vikram,09/11/1996,vikram83@yahoo.com,9170650282,Male,USA
Divya,09-01-1990,divya907@mail.com,9883493660,Female,UK
Vikram,1997/02/17,vikram584@mail.com,invalid_phone,Female,india
Anu,07/12/2002,anu797@gmail.com,9276317919,F,usa
Arun,12-08-2000,arun263@gmail.com,9423560612,F,usa
Priya,13/01/1982,priya364@mail.com,9358047231,male,India
Karan,13-06-1997,Karanmail.com,9870442803,Male,India
Anu,15/07/1987,anu646@mail.com,9745380750,F,India
Divya,19-12-1993,divya721@mail.com,9465913451,M,India
Niki,30/09/2001,Nikimail.com,invalid_phone,M,India
Vikram,1982/06/01,vikram768@mail.com,9996121039,Male,usa
Vikram,06/09/1996,vikram555@gmail.com,9778824890,Male,UK
Divya,09-04-1994,divya939@mail.com,9481271777,Male,india
Karan,13/04/1982,karan302@yahoo.com,9205526431,Male,india
Niki,27/11/1996,niki673@yahoo.com,9360049172,female,usa
